time,crypto,us,byma,ccl,total_usd
2026-10-04 22:48,99.949,100,150000,1623.25,292.3563
2026-10-05 01:36,99.7553,99.3539,149054.66,1623.25,290.9341
2026-10-05 04:42,99.6059,99.3539,149054.66,1623.25,290.7846
2026-10-05 13:24,99.0768,99.3539,149054.66,1623.25,290.2556
2026-10-05 18:20,99.0768,100.7484,146891.14,1604.56,291.3714
2026-10-05 18:36,99.0768,100.7484,146891.14,1604.56,291.3714
2026-10-05 18:39,99.0768,100.7484,146891.14,1604.56,291.3714
2026-10-05 18:59,99.0768,100.7484,146891.14,1604.56,291.3714
2026-10-05 19:10,99.0768,100.7484,146891.14,1604.56,291.3714
2026-10-05 19:17,99.0768,100.7484,146891.14,1604.56,291.3714
2026-10-05 19:48,99.0768,100.7484,146891.14,1604.56,291.3714
2026-10-05 19:50,98.9286,100.7484,146891.14,1604.56,291.2233
2026-10-05 19:56,98.9286,100.7484,146891.14,1604.56,291.2233
2026-10-05 20:09,98.9286,100.7484,146891.14,1604.56,291.2233
2026-10-05 20:22,98.9286,100.7484,146891.14,1604.56,291.2233
2026-10-05 21:00,98.9286,100.7484,146891.14,1604.56,291.2233
2026-10-05 23:40,98.5047,100.7484,146891.14,1604.56,290.7994
2026-10-06 06:26,98.4027,100.7484,147441.14,1565.34,293.3422
2026-10-06 13:07,98.2278,100.7484,147441.14,1565.34,293.1673
2026-10-06 16:00,98.2278,101.5457,148283.64,1607.0,292.0472
2026-10-06 16:09,98.2278,101.4744,148283.64,1605.87,292.041
2026-10-06 16:36,98.2278,101.4316,148293.64,1606.96,291.9417
2026-10-06 16:51,98.2278,101.3653,148383.64,1613.1,291.5798
2026-10-06 17:13,98.2278,101.2551,148528.64,1613.65,291.5277
2026-10-06 17:32,98.2278,101.2529,148358.64,1613.17,291.4481
2026-10-06 17:42,98.2278,101.2529,148358.64,1613.17,291.4481
2026-10-06 17:59,98.1415,101.2529,148358.64,1613.17,291.3618
2026-10-06 18:05,98.1415,101.2529,148358.64,1613.17,291.3618
2026-10-06 18:16,98.1415,101.2529,148358.64,1613.17,291.3618
2026-10-06 18:37,98.1415,101.2529,148358.64,1613.17,291.3618
2026-10-06 18:54,98.1415,101.2529,148358.64,1613.17,291.3618
2026-10-06 19:36,98.1415,101.2529,148358.64,1613.17,291.3618
2026-10-06 21:04,98.1415,100.7484,148358.64,1610.43,291.0136
2026-10-06 21:17,98.1415,100.7484,148358.64,1610.43,291.0136
2026-10-06 21:22,97.8707,100.7484,148358.64,1610.43,290.7428
2026-10-07 03:17,97.8707,100.7484,148358.64,1610.43,290.7428
2026-10-07 10:31,97.8707,101.2529,148288.64,1613.17,291.0476
2026-10-07 16:27,97.8707,100.9303,148783.64,1615.48,290.9
2026-10-07 16:28,97.8707,100.9303,148783.64,1615.48,290.9
2026-10-07 16:37,97.8707,100.8536,148711.14,1610.49,291.0631
2026-10-07 17:01,97.8707,100.9656,148893.64,1612.89,291.1509
2026-10-07 17:10,97.8707,100.9656,149048.64,1615.76,291.0831
2026-10-07 17:35,97.8707,100.9638,149358.64,1612.05,291.4856
2026-10-07 17:45,97.8707,100.9638,149358.64,1612.05,291.4856
2026-10-07 17:56,97.8707,100.9638,149358.64,1612.05,291.4856
2026-10-07 18:25,97.8707,100.9638,149358.64,1612.05,291.4856
2026-10-07 18:37,97.8707,100.9638,149358.64,1612.05,291.4856
2026-10-07 18:59,97.8707,100.9638,149358.64,1612.05,291.4856
2026-10-07 19:17,97.8707,100.9638,149358.64,1612.05,291.4856
2026-10-07 20:01,97.8707,100.9638,149358.64,1612.05,291.4856
2026-10-07 20:41,97.8707,100.9638,149358.64,1612.05,291.4856
2026-10-07 21:38,97.8707,101.2529,149358.64,1561.73,294.7603
2026-10-07 23:57,97.8707,101.2529,149358.64,1561.73,294.7603
2026-10-08 06:53,97.8707,100.9638,149358.64,1612.05,291.4856
2026-10-08 14:09,97.8707,100.9638,149358.64,1612.05,291.4856
2026-10-08 16:22,97.8707,99.3108,147141.14,1607.31,288.7267
2026-10-08 16:32,97.8707,99.3023,147311.14,1607.26,288.8266
2026-10-08 17:00,97.8707,99.4262,147593.64,1616.34,288.6103
2026-10-08 17:09,97.8707,99.415,147536.14,1617.63,288.4906
2026-10-08 17:41,97.8707,99.4132,147591.14,1615.42,288.6481
2026-10-08 17:48,97.8707,99.4132,147591.14,1615.42,288.6481
2026-10-08 17:57,97.8707,99.4132,147591.14,1615.42,288.6481
2026-10-08 18:25,97.8707,99.4132,147591.14,1615.42,288.6481
2026-10-08 18:32,97.8707,99.4132,147591.14,1615.42,288.6481
2026-10-08 19:04,97.8707,99.4132,147591.14,1615.42,288.6481
2026-10-08 19:28,97.8707,99.4132,147591.14,1615.42,288.6481
2026-10-08 20:16,97.8707,99.4132,147591.14,1615.42,288.6481
2026-10-08 21:57,97.8707,100.9638,147591.14,1615.92,290.1699
2026-10-08 23:08,97.8197,100.9638,147591.14,1615.92,290.1189
2026-10-09 06:02,98.0484,99.4132,148011.14,1618.14,288.9318
2026-10-09 13:03,98.0484,99.4132,148011.14,1618.14,288.9318
2026-10-09 15:56,98.0484,100.4323,149158.64,1619.37,290.5898
2026-10-09 16:05,98.0484,100.4135,149009.08,1615.0,290.7279
2026-10-09 16:34,98.0484,100.4115,149264.58,1611.42,291.0893
2026-10-09 16:47,98.0484,100.3501,149372.58,1609.3,291.2169
2026-10-09 17:06,98.0484,100.2744,149671.58,1613.54,291.0825
2026-10-09 17:19,98.0484,100.2757,149508.08,1616.56,290.8096
2026-10-09 17:26,98.0484,100.2757,149631.58,1612.7,291.1074
2026-10-09 17:53,97.9974,100.2757,149631.58,1612.7,291.0563
