time,kind,mode,symbol,market,side,qty,price,stop,target,pnl,note
2026-09-30T04:09:10+00:00,alert,paper,SPY,us,BUY,,764.2000122070312,751.1496934338306,790.3006497534326,,score 0.44
2026-09-30T04:09:10+00:00,trade,paper,SPY,us,buy,0.261711589643128,764.5821122131347,751.1496934338306,790.3006497534326,,score 0.44
2026-09-30T04:09:12+00:00,alert,paper,NVDA,us,BUY,,227.2100067138672,215.19688764978923,251.2362448420231,,score 0.452
2026-09-30T04:09:12+00:00,trade,paper,NVDA,us,buy,0.8324232821351406,227.3236117172241,215.19688764978923,251.2362448420231,,score 0.452
2026-09-30T04:21:28+00:00,alert,paper,ALUA,byma,SELL,,802.5,,,,score -0.46
2026-09-30T04:21:46+00:00,alert,paper,MELI,us,SELL,,1724.9000244140625,,,,score -0.449
2026-09-30T04:24:53+00:00,alert,paper,ALUA.BA,byma,SELL,,802.5,,,,score -0.46
2026-09-30T04:24:54+00:00,alert,paper,CEPU.BA,byma,SELL,,1972.0,,,,score -0.453
2026-09-30T09:31:38+00:00,alert,paper,BTC/USDT,crypto,BUY,,83514.01,81929.34516513509,86683.3396697298,,score 0.378
2026-09-30T09:31:38+00:00,trade,paper,BTC/USDT,crypto,buy,0.002394807769379054,83555.76700499999,81929.34516513509,86683.3396697298,,score 0.378
2026-09-30T09:31:58+00:00,alert,paper,CEPU.BA,byma,SELL,,1922.0,,,,score -0.462
2026-09-30T10:32:34+00:00,alert,paper,ETH/USDT,crypto,BUY,,2696.9,2627.009758032837,2836.6804839343263,,score 0.458
2026-09-30T10:32:34+00:00,trade,paper,ETH/USDT,crypto,buy,0.07415921984500723,2698.24845,2627.009758032837,2836.6804839343263,,score 0.458
2026-09-30T12:34:00+00:00,alert,paper,BTC/USDT,crypto,BUY,,84316.38,82680.08887782953,87588.96224434095,,score 0.572
2026-09-30T12:34:06+00:00,alert,paper,ETH/USDT,crypto,BUY,,2714.53,2645.119163071308,2853.351673857385,,score 0.578
2026-09-30T13:35:06+00:00,alert,paper,SPY,us,BUY,,766.760009765625,754.2025691616541,791.8748909735668,,score 0.44
2026-09-30T13:35:08+00:00,alert,paper,NVDA,us,BUY,,231.02000427246094,219.2621100041151,254.53579280915258,,score 0.458
2026-09-30T13:35:16+00:00,alert,paper,MELI,us,SELL,,1708.3499755859375,,,,score -0.449
2026-09-30T14:35:44+00:00,alert,paper,TXAR.BA,byma,SELL,,647.5,,,,score -0.44
2026-09-30T14:35:45+00:00,alert,paper,ALUA.BA,byma,SELL,,802.5,,,,score -0.46
2026-09-30T14:35:47+00:00,alert,paper,CEPU.BA,byma,SELL,,1922.0,,,,score -0.462
2026-09-30T15:36:34+00:00,alert,paper,TGSU2.BA,byma,SELL,,8340.0,,,,score -0.44
2026-09-30T16:37:03+00:00,alert,paper,BTC/USDT,crypto,BUY,,84217.79,82442.37201920905,87768.62596158189,,score 0.424
2026-09-30T16:37:11+00:00,alert,paper,ETH/USDT,crypto,BUY,,2684.18,2612.929937137643,2826.6801257247143,,score 0.406
